{
  "FOOTBALL": {
      "21": "1st Half",
      "22": "2nd Half",
      "23": "ET - 1st Half",
      "24": "ET - 2nd Half",
      "25": "HT",
      "26": "FT",
      "27": "Abandoned",
      "28": "Completed",
      "29": "",
      "210": "ET - HT",
      "211": "Penalties",
      "212": "ET - End of 2nd Half",
      "213": "Postponed",
      "214": "In-Progress",
      "215": "Suspended",
      "217": "Cancelled"
  },
  "BASKETBALL": {
      "211": "",
      "212": "In-Progress",
      "214": "Timeout",
      "213": "End of Quarter",
      "217": "Abandoned",
      "218": "Completed",
      "219": "Cancelled",
      "2110": "Postponed",
      "215": "Suspended",
      "216": "Play Halted",
      "2111": "Delayed",
      "subStatus": {
        "212": {
          "2": "Q1",
          "4": "Q2",
          "6": "Q3",
          "8": "Q4",
          "10": "Overtime 1",
          "11": "End of Overtime 1",
          "12": "Overtime 2",
          "13": "End of Overtime 2"
        },
        "213": {
          "3": "End of Q1",
          "5": "End of Q2",
          "7": "End of Q3",
          "9": "End of Q4"
        }
      }
  },
  "CRICKET": {
      "11": "Bad Ground Condition",
      "12": "Bad Light",
      "13": "Bad Pitch Condition",
      "14": "Bad Weather Condition",
      "15": "Crowd Invasion",
      "16": "Crowd Trouble",
      "17": "Dinner",
      "18": "Drinks",
      "19": "Fog",
      "110": "Innings Break",
      "111": "Light Failure",
      "112": "Lunch",
      "113": "Abandoned",
      "114": "Completed",
      "115": "",
      "116": "Play Halted",
      "117": "In-Progress",
      "118": "Rain Stoppage",
      "119": "Strategic Timeout",
      "120": "Stumps",
      "121": "Super Over",
      "122": "Tea",
      "123": "Wet Ground Condition",
      "124": "Wet Pitch Condition",
      "125": "Delayed",
      "126": "Day washed out",
      "127": "Toss",
      "128": "Match Conceded",
      "129": "Match Awarded",
      "130": "Abandoned",
      "131": "Abandoned",
      "150": "Cancelled",
      "160": "Postponed"
  }
}