[
  { "mediaId": 101002, "name": "Colors Gujarati", "channel": 1312 },
  { "mediaId": 101017, "name": "Sonic Hindi", "channel": 1318 },
  { "mediaId": 101004, "name": "Rishtey", "channel": 1298 },
  { "mediaId": 101014, "name": "Colors Infinity HD", "channel": 1313 },
  { "mediaId": 101009, "name": "Colors Marathi HD", "channel": 1310 },
  { "mediaId": 101008, "name": "MTV Beats HD", "channel": 1304 },
  { "mediaId": 101013, "name": "Comedy Central HD", "channel": 1303 },
  { "mediaId": 101010, "name": "Colors Bengali HD", "channel": 1314 },
  { "mediaId": 101012, "name": "Colors Super", "channel": 1311 },
  { "mediaId": 101007, "name": "Nick Junior", "channel": 1305 },
  { "mediaId": 101006, "name": "Colors Cineplex", "channel": 1309 },
  { "mediaId": 101003, "name": "Colors Oriya", "channel": 1306 },
  { "mediaId": 101005, "name": "Colors Tamil HD", "channel": 1302 },
  { "mediaId": 101001, "name": "Colors HD", "channel": 1301 },
  { "mediaId": 101011, "name": "Colors Kannada HD", "channel": 1308 },
  { "mediaId": 101015, "name": "Nick HD+", "channel": 1307 },
  { "mediaId": 101016, "name": "MTV HD Plus", "channel": 1300 }
]
