{
	"info": {
		"_postman_id": "041a3110-36c4-45e9-972d-da26d4e49810",
		"name": "DMS-BE",
		"schema": "https://schema.getpostman.com/json/collection/v2.1.0/collection.json",
		"_exporter_id": "21671902"
	},
	"item": [
		{
			"name": "s3",
			"item": [
				{
					"name": "list documents",
					"request": {
						"method": "GET",
						"header": [
							{
								"key": "year",
								"value": "2024",
								"disabled": true
							},
							{
								"key": "geo",
								"value": "India"
							},
							{
								"key": "month",
								"value": "Aug",
								"disabled": true
							},
							{
								"key": "empId",
								"value": "abci123",
								"disabled": true
							}
						],
						"url": {
							"raw": "localhost:9000/api/s3/list?year=2024&month=Aug&empId=abc123emp",
							"host": [
								"localhost"
							],
							"port": "9000",
							"path": [
								"api",
								"s3",
								"list"
							],
							"query": [
								{
									"key": "geo",
									"value": "India",
									"disabled": true
								},
								{
									"key": "year",
									"value": "2024"
								},
								{
									"key": "month",
									"value": "Aug"
								},
								{
									"key": "empId",
									"value": "abc123emp"
								}
							]
						}
					},
					"response": []
				},
				{
					"name": "health check",
					"request": {
						"method": "GET",
						"header": [],
						"url": {
							"raw": ""
						}
					},
					"response": []
				},
				{
					"name": "Upload",
					"request": {
						"method": "POST",
						"header": [],
						"body": {
							"mode": "formdata",
							"formdata": [
								{
									"key": "file",
									"type": "file",
									"src": "/C:/Users/sneha.soni/Downloads/Hierarchical.csv"
								},
								{
									"key": "author",
									"value": "sneha soni",
									"type": "text"
								},
								{
									"key": "date",
									"value": "2024-08-26",
									"type": "text"
								},
								{
									"key": "email",
									"value": "sneha.soni@example.com",
									"type": "text"
								},
								{
									"key": "extension",
									"value": "csv",
									"type": "text"
								}
							]
						},
						"url": {
							"raw": "localhost:9000/api/s3/upload",
							"host": [
								"localhost"
							],
							"port": "9000",
							"path": [
								"api",
								"s3",
								"upload"
							]
						}
					},
					"response": []
				},
				{
					"name": "delete document",
					"request": {
						"method": "DELETE",
						"header": [],
						"url": {
							"raw": "localhost:9000/api/s3/delete/redNew.png",
							"host": [
								"localhost"
							],
							"port": "9000",
							"path": [
								"api",
								"s3",
								"delete",
								"redNew.png"
							]
						}
					},
					"response": []
				},
				{
					"name": "download document",
					"request": {
						"method": "GET",
						"header": [],
						"url": {
							"raw": "localhost:9000/api/s3/download/filename",
							"host": [
								"localhost"
							],
							"port": "9000",
							"path": [
								"api",
								"s3",
								"download",
								"filename"
							]
						}
					},
					"response": []
				}
			]
		},
		{
			"name": "Create Folder",
			"request": {
				"method": "POST",
				"header": [
					{
						"key": "Content-Type",
						"value": "application/json"
					}
				],
				"body": {
					"mode": "raw",
					"raw": "{\n  \"folderName\": \"12112\",\n  \"path\": \"UK/2024/Aug/\"\n}",
					"options": {
						"raw": {
							"language": "json"
						}
					}
				},
				"url": {
					"raw": "http://localhost:9000/api/s3/create",
					"protocol": "http",
					"host": [
						"localhost"
					],
					"port": "9000",
					"path": [
						"api",
						"s3",
						"create"
					]
				},
				"description": "Generated from cURL: curl --location '\nhttp://localhost:9000/api/s3/create'\n\\\n--header 'Content-Type: application/json' \\\n--data '{\n  \"folderName\": \"12112\",\n  \"path\": \"UK/2024/Aug/\"\n}'"
			},
			"response": []
		},
		{
			"name": "Content extract for ai",
			"request": {
				"method": "GET",
				"header": [],
				"url": {
					"raw": "http://localhost:9000/api/s3/content?fileurl=https%3A%2F%2Fgeneric-dms.s3.amazonaws.com%2FRussia%2F2024%2FAug%2Frus123%2FS%20Gour.docx",
					"protocol": "http",
					"host": [
						"localhost"
					],
					"port": "9000",
					"path": [
						"api",
						"s3",
						"content"
					],
					"query": [
						{
							"key": "fileurl",
							"value": "https%3A%2F%2Fgeneric-dms.s3.amazonaws.com%2FRussia%2F2024%2FAug%2Frus123%2FS%20Gour.docx"
						}
					]
				},
				"description": "Generated from cURL: curl --location '\nhttp://localhost:9000/api/s3/content?fileurl=https%3A%2F%2Fgeneric-dms.s3.amazonaws.com%2FRussia%2F2024%2FAug%2Frus123%2FS%20Gour.docx'"
			},
			"response": []
		},
		{
			"name": "Delete multiple",
			"request": {
				"method": "DELETE",
				"header": [
					{
						"key": "Content-Type",
						"value": "application/json"
					}
				],
				"body": {
					"mode": "raw",
					"raw": "[\n    {\n        \"fileName\": \"Oct\",\n        \"path\": \"/Russia/2024/\"\n    }\n]",
					"options": {
						"raw": {
							"language": "json"
						}
					}
				},
				"url": {
					"raw": "localhost:9000/api/s3/delete",
					"host": [
						"localhost"
					],
					"port": "9000",
					"path": [
						"api",
						"s3",
						"delete"
					]
				},
				"description": "Generated from cURL: curl --location --request DELETE 'localhost:9000/api/s3/delete' \\\n--header 'Content-Type: application/json' \\\n--data '[\n     {\n        \"fileName\": \"Oct\",\n        \"path\": \"/Russia/2024/\"\n    },\n     {\n        \"fileName\": \"Insights.png\",\n        \"path\": \"/Russia/2024/Sep/\"\n    }\n]'"
			},
			"response": []
		},
		{
			"name": "Upload",
			"request": {
				"method": "POST",
				"header": [
					{
						"key": "Accept",
						"value": "*/*"
					},
					{
						"key": "Accept-Language",
						"value": "en-US,en"
					},
					{
						"key": "Connection",
						"value": "keep-alive"
					},
					{
						"key": "Origin",
						"value": "http://localhost:3000"
					},
					{
						"key": "Referer",
						"value": "http://localhost:3000/"
					},
					{
						"key": "Sec-Fetch-Dest",
						"value": "empty"
					},
					{
						"key": "Sec-Fetch-Mode",
						"value": "cors"
					},
					{
						"key": "Sec-Fetch-Site",
						"value": "same-site"
					},
					{
						"key": "Sec-GPC",
						"value": "1"
					},
					{
						"key": "User-Agent",
						"value": "Mozilla/5.0 (Windows NT 10.0; Win64; x64) AppleWebKit/537.36 (KHTML, like Gecko) Chrome/128.0.0.0 Safari/537.36"
					},
					{
						"key": "sec-ch-ua",
						"value": "\"Chromium\";v=\"128\", \"Not;A=Brand\";v=\"24\", \"Brave\";v=\"128\""
					},
					{
						"key": "sec-ch-ua-mobile",
						"value": "?0"
					},
					{
						"key": "sec-ch-ua-platform",
						"value": "\"Windows\""
					}
				],
				"body": {
					"mode": "formdata",
					"formdata": [
						{
							"key": "file",
							"type": "file",
							"src": "Final Dashboard VM prod.pptx"
						},
						{
							"key": "author",
							"value": "dmsuser",
							"type": "text"
						},
						{
							"key": "date",
							"value": "2024-09-04T12:26:31.748Z",
							"type": "text"
						},
						{
							"key": "email",
							"value": "dmsuser@genericdms.onmicrosoft.com",
							"type": "text"
						},
						{
							"key": "path",
							"value": "/India/2024/Sep/d123",
							"type": "text"
						}
					]
				},
				"url": {
					"raw": "http://localhost:9000/api/s3/upload",
					"protocol": "http",
					"host": [
						"localhost"
					],
					"port": "9000",
					"path": [
						"api",
						"s3",
						"upload"
					]
				},
				"description": "Generated from cURL: curl 'http://localhost:9000/api/s3/upload' \\\n  -H 'Accept: */*' \\\n  -H 'Accept-Language: en-US,en' \\\n  -H 'Connection: keep-alive' \\\n  -H 'Content-Type: multipart/form-data; boundary=----WebKitFormBoundary6Swi0BX0pIqJ01nx' \\\n  -H 'Origin: http://localhost:3000' \\\n  -H 'Referer: http://localhost:3000/' \\\n  -H 'Sec-Fetch-Dest: empty' \\\n  -H 'Sec-Fetch-Mode: cors' \\\n  -H 'Sec-Fetch-Site: same-site' \\\n  -H 'Sec-GPC: 1' \\\n  -H 'User-Agent: Mozilla/5.0 (Windows NT 10.0; Win64; x64) AppleWebKit/537.36 (KHTML, like Gecko) Chrome/128.0.0.0 Safari/537.36' \\\n  -H 'sec-ch-ua: \"Chromium\";v=\"128\", \"Not;A=Brand\";v=\"24\", \"Brave\";v=\"128\"' \\\n  -H 'sec-ch-ua-mobile: ?0' \\\n  -H 'sec-ch-ua-platform: \"Windows\"' \\\n  --data-raw $'------WebKitFormBoundary6Swi0BX0pIqJ01nx\\r\\nContent-Disposition: form-data; name=\"file\"; filename=\"Final Dashboard VM prod.pptx\"\\r\\nContent-Type: application/vnd.openxmlformats-officedocument.presentationml.presentation\\r\\n\\r\\n\\r\\n------WebKitFormBoundary6Swi0BX0pIqJ01nx\\r\\nContent-Disposition: form-data; name=\"author\"\\r\\n\\r\\ndmsuser\\r\\n------WebKitFormBoundary6Swi0BX0pIqJ01nx\\r\\nContent-Disposition: form-data; name=\"date\"\\r\\n\\r\\n2024-09-04T12:26:31.748Z\\r\\n------WebKitFormBoundary6Swi0BX0pIqJ01nx\\r\\nContent-Disposition: form-data; name=\"email\"\\r\\n\\r\\ndmsuser@genericdms.onmicrosoft.com\\r\\n------WebKitFormBoundary6Swi0BX0pIqJ01nx\\r\\nContent-Disposition: form-data; name=\"path\"\\r\\n\\r\\n/India/2024/Sep/d123\\r\\n------WebKitFormBoundary6Swi0BX0pIqJ01nx--\\r\\n'\nhas context menu"
			},
			"response": []
		},
		{
			"name": "New mapping",
			"request": {
				"method": "POST",
				"header": [
					{
						"key": "Content-Type",
						"value": "application/json"
					}
				],
				"body": {
					"mode": "raw",
					"raw": "{\n    \"userName\": \"dmsuser@genericdms.onmicrosoft.com\",\n    \"role\": \"SuperAdmin\"\n}",
					"options": {
						"raw": {
							"language": "json"
						}
					}
				},
				"url": {
					"raw": "http://localhost:9000/api/user/establishUser",
					"protocol": "http",
					"host": [
						"localhost"
					],
					"port": "9000",
					"path": [
						"api",
						"user",
						"establishUser"
					]
				},
				"description": "Generated from cURL: curl --location 'http://localhost:9000/api/user/establishUser' \\\n--header 'Content-Type: application/json' \\\n--data-raw '{\n    \"userName\": \"dmsuser@genericdms.onmicrosoft.com\",\n    \"role\": \"SuperAdmin\"\n}'\n \nListing User:\ncurl --location 'http://localhost:9000/api/user/userList' \\\n--data ''"
			},
			"response": []
		},
		{
			"name": "List User and Role",
			"request": {
				"method": "GET",
				"header": [],
				"url": {
					"raw": "http://localhost:9000/api/user/userList",
					"protocol": "http",
					"host": [
						"localhost"
					],
					"port": "9000",
					"path": [
						"api",
						"user",
						"userList"
					]
				},
				"description": "Generated from cURL: curl --location '\nhttp://localhost:9000/api/user/userList'\n\\\n--data ''"
			},
			"response": []
		},
		{
			"name": "Update roles offering",
			"request": {
				"method": "POST",
				"header": [
					{
						"key": "Content-Type",
						"value": "application/json"
					}
				],
				"body": {
					"mode": "raw",
					"raw": "{\n    \"User\": [\n        \"FileList\",\n        \"FilePreview\",\n        \"AISummary\"\n    ],\n    \"Approver\": [\n        \"Approve\",\n        \"Reject\",\n        \"FilePreview\",\n        \"Upload\",\n        \"Delete\"\n    ],\n    \"Admin\": [\n        \"AISummary\"\n    ]\n}",
					"options": {
						"raw": {
							"language": "json"
						}
					}
				},
				"url": {
					"raw": "http://localhost:9000/api/user/updateRoleDetails",
					"protocol": "http",
					"host": [
						"localhost"
					],
					"port": "9000",
					"path": [
						"api",
						"user",
						"updateRoleDetails"
					]
				},
				"description": "Generated from cURL: curl --location 'http://localhost:9000/api/user/updateRoleDetails' \\\n--header 'Content-Type: application/json' \\\n--data '{\n    \"User\": [\n        \"FileList\",\n        \"FilePreview\",\n        \"AISummary\"\n    ],\n    \"Approver\": [\n        \"Approve\",\n        \"Reject\",\n        \"FilePreview\",\n        \"Upload\",\n        \"Delete\"\n    ],\n    \"Admin\": [\n        \"AISummary\"\n    ]\n}'\nhas context menu"
			},
			"response": []
		},
		{
			"name": "getRolesOffering",
			"request": {
				"method": "GET",
				"header": [],
				"url": {
					"raw": "http://localhost:9000/api/user/getRolesDetails",
					"protocol": "http",
					"host": [
						"localhost"
					],
					"port": "9000",
					"path": [
						"api",
						"user",
						"getRolesDetails"
					]
				},
				"description": "Generated from cURL: curl --location '\nhttp://localhost:9000/api/user/getRolesDetails'\n\\\n--data ''"
			},
			"response": []
		},
		{
			"name": "Update Profile Image",
			"request": {
				"method": "POST",
				"header": [],
				"body": {
					"mode": "formdata",
					"formdata": [
						{
							"key": "file",
							"type": "file",
							"src": "/C:/Users/ankit.dere/Downloads/1639469028-1321.jpg"
						},
						{
							"key": "email",
							"value": "dmsuser@genericdms.onmicrosoft.com",
							"type": "text"
						}
					]
				},
				"url": {
					"raw": "localhost:9000/api/user/updateImage",
					"host": [
						"localhost"
					],
					"port": "9000",
					"path": [
						"api",
						"user",
						"updateImage"
					]
				},
				"description": "Generated from cURL: curl --location 'localhost:9000/api/user/updateImage' \\\n--form 'file=@\"/C:/Users/ankit.dere/Downloads/1639469028-1321.jpg\"' \\\n--form 'email=\"dmsuser@genericdms.onmicrosoft.com\"'\nhas context menu"
			},
			"response": []
		}
	]
}