{
  "stage": "jiouat",
  "showsApi": "https://wapiv2.voot.com/wsv_2_0/media/assetDetails.json?tabId=shows&subTabId=allShows&rowId=893&sortId=mostPopular",
  "moviesApi": "https://wapiv2.voot.com/wsv_2_0/media/assetDetails.json?tabId=movieDetail&subTabId=allMovies&rowId=923&sortId=mostPopular",
  "elasticSearchHost": "https://jiovoot-contentapi-stage.es.asia-south1.gcp.elastic-cloud.com:9243",
  "esAuthUsername": "app-stg-user",
  "esAuthPassword": "stg@voot",
  "elasticSearchIndex": "elastic_crons_v4",
  "elasticSearchEpgIndex": "epg_v1",
  "elasticSearchUpdateIndex": "global_v4",
  "elasticLiveAssetsIndex": "country_IN_V5",
  "logLevel": "log",
  "logJson": true,
  "configBucketName": "jiouat-elastic-cron-config-bucket",
  "recBucketName": "jiouat-reco-training-data",
  "recBasePath": "jioexport/",
  "jioEpgBase": "http://jiotv.data.cdn.jio.com/apis/v1.3/getepg/get/",
  "jioImageBase": "http://jiotv.catchup.cdn.jio.com/dare_images/shows/",
  "imageBucket": "prod-voot-images",
  "algoliaApiKey": "e426ce68fbce6f9262f6b9c3058c4ea9",
  "algoliaIndex": "test_voot_v4_elastic_jio",
  "algoliaApplicationId": "JN1RDQRFN5",
  "algoliaShotsIndex": "voot_shots_uat",
  "mixpanelApiKey": "168cdfb2d2646afaf4d233652dc259a0",
  "mixpanelBaseUrl": "https://mixpanel.com:443",
  "mixpanelEndpoint": "/api/2.0/jql",
  "cmsBucketName": "jiouat-cms-content-store",
  "cmsVariantSyncView": "platform/voot-common/views/my-voot/live",
  "partners": "D32F6753234793805B,F9E2969C2A216E15,MXA2P7AQB3QW9,SHAREJEI5GF7XKQZGY,AIRTEL85CB57BE8A",
  "emailRegion": "eu-west-1",
  "vootCatalogReportReceiversTO": "vineet.kulkarni@ril.com,parag.majithia@viacom18.com",
  "vootCatalogReportReceiversCC": "vineet.kulkarni@viacom18.com,khushboo.singh@viacom18.com",
  "mixpanelLookupTableAppId": "4998279f-493a-4244-8edb-c5823a20b788",
  "mixpanelLookupTableAppSecret": "1a2b7bb9b0e956dbb0ee232b062f43b5",
  "mixpanelLookupTableWebId": "",
  "mixpanelLookupTableWebSecret": "",
  "mixpanelLookupTableTvId": "",
  "mixpanelLookupTableTvSecret": "",
  "recoApiUrl": "https://shots-rec-stage.voot.com/v1",
  "facebookFeedBucket": "facebook-feed-staging",
  "shotsStatsEmailReceiversTO": "vikas.boni@viacom18.com,apeksha.singh@viacom18.com,ashwini.samant@viacom18.com,prathamesh.ramesh@viacom18.com,apurva.gupta@viacom18.com,shahnawaz.qureshi@viacom18.com,ria.shah@viacom18.com,natasha.sharma@viacom18.com",
  "shotsStatsEmailReceiversCC": "ashish.aggarwal@viacom18.com,khushboo.singh@viacom18.com,vineet.kulkarni@viacom18.com",
  "sportzClientId": "NGljcm9zb2Z0GAlub3YyMIE4",
  "sportzBaseURL": "https://assets-voot.sportz.io:443",
  "sportzFootballURI": "/football/apis/getsifeeds.aspx",
  "sportzBasketBallURI": "/basketball/apis/getsifeeds.aspx",
  "hbsBaseURL": "https://preprod-hbs-apimgateway.azure-api.net:443",
  "hbsFootballURI": "/core/football/FWC/2014/eng/standings",
  "hbsApiKey": "6bc81661809845c79ac4a5a196d004e7",
  "cachePurgeBaseUrl": "https://j039ar0k8d.execute-api.ap-south-1.amazonaws.com/dev/v1/akamai/service",
  "playback_db_table": "uat_playback_request_log",
  "dynamoQueryIndex": "f62a127aa2fc2548e910b84242e8e2e9",
  "mpSAUsername": "analytics_prod.ddef01.mp-service-account",
  "mpSASecret": "yNDh5cw0zRNjXLoS7zCCAVjRcv1zmi26",
  "mpProjectId": "1603873",
  "gcpMetadataApi": "http://metadata.google.internal/computeMetadata/v1/instance/service-accounts/default/token",
  "cassandraIP": "10.166.163.78:9042",
  "cassandraDataCenter": "GCP-MUM-ASIA-SOUTH1",
  "cassandraKeySpace": "jiovoot_cms",
  "cassandraUsername": "vootlowerenv",
  "cassandraPass": "MV7Pf87#THJ@Mr532L8BG",
  "purgeQueue": "purge.cache.queue",
  "rabbitMqUrl": "amqp://rabbitmq:rabbitmq@10.166.163.75:5672",
  "awsregion": "ap-south-1",
  "catalogBucket": "cdf-jiocinema-stage",
  "catalogVootKey": "catalogs/jiovootcatalog.xml",
  "catalogIndex": "country_IN_V3",
  "contentIndex": "elastic_crons_v4",
  "liveIndex": "country_IN_V4",
  "gcpBucketName": "partner-catalogue-dev",
  "gcpCatalogPath": "amazon-catalogue",
  "xmlBaseUrl": "https://pc-dev.jiocinema.com",
  "amazonCatalogueReportReceiversTO" : "lavesh.nandanwar@viacom18.com, mayank.awasthi@viacom18.com",
  "amazonCatalogReportReceiversCC" : "mayank.avasthi@rws.com, veeramani.kamaraj@viacom18.com, jobin.jose@viacom18.com, lavesh.nandanwar@rws.com, namrata.jain@rws.com, abhas.singh@ril.com, vikram.panchal@ril.com",
  "oneLink": {
    "endpoint": "https://onelink.appsflyer.com/shortlink/v1/",
    "apiKey": "1b3u1l4h0012000001Yc6vvAAB1s6h3a2t",
    "oneLinkId": "Nnaz",
    "desktopFallbackUrl": "https://www.jiocinema.com",
    "params": {
      "af_channel": "JioCinema App Share Button"
    }
  },
  "envConfigKey": "jiouat",
  "imageBaseUrl": "https://v3img.voot.com",
  "jioCinemaUrl": "https://www.jiocinema.com"
}