{
    "Washington Wizards": "WAS",
    "Miami Heat": "MIA",
    "New Orleans Pelicans": "NOP",
    "Oklahoma City Thunder": "OCT",
    "Dallas Mavericks": "DAL",
    "Golden State Warriors": "GSW",
    "Denver Nuggets": "DEN",
    "Cleveland Cavaliers": "CLC",
    "Los Angeles Lakers": "LAL",
    "Houston Rockets": "HOR",
    "Brooklyn Nets": "BKN",
    "New York Knicks": "NYK",
    "Phoenix Suns": "PHX",
    "Atlanta Hawks": "ATL",
    "Milwaukee Bucks": "MIL",
    "Philadelphia 76ers": "PHI",
    "Toronto Raptors": "TOR",
    "Minnesota Timberwolves": "MIT",
    "Charlotte Hornets": "CHA",
    "San Antonio Spurs": "SAS",
    "Indiana Pacers": "INP",
    "Chicago Bulls": "CHI",
    "Memphis Grizzlies": "MEM",
    "Utah Jazz": "UTA",
    "Sacramento Kings": "SAC",
    "Portland Trail Blazers": "POR",
    "Los Angeles Clippers": "LAC",
    "Orlando Magic": "OLM",
    "Boston Celtics": "BOS",
    "Detroit Pistons": "DET"
  }